"route_id","trip_id"
"4__10___","4_I12-101_2016I12_1_1_4__10_A__"
"4__10___","4_I12-101_2016I12_2_1_4__10_A__"
"4__10___","4_I12-102_2016I12_1_1_4__10_B__"
"4__10___","4_I12-102_2016I12_2_1_4__10_B__"
"4__10___","4_I13-101_2016I13_1_1_4__10_A__"
"4__10___","4_I13-101_2016I13_2_1_4__10_A__"
"4__10___","4_I13-102_2016I13_1_1_4__10_B__"
"4__10___","4_I13-102_2016I13_2_1_4__10_B__"
"4__10___","4_I14-101_2016I14_1_1_4__10_A__"
"4__10___","4_I14-101_2016I14_2_1_4__10_A__"
"4__10___","4_I14-102_2016I14_1_1_4__10_B__"
"4__10___","4_I14-102_2016I14_2_1_4__10_B__"
"4__10___","4_I15-101_2016I15_1_1_4__10_A__"
"4__10___","4_I15-101_2016I15_2_1_4__10_A__"
"4__10___","4_I15-102_2016I15_1_1_4__10_B__"
"4__10___","4_I15-102_2016I15_2_1_4__10_B__"
"4__11___","4_I12-011_2016I12_1_1_4__11___"
"4__11___","4_I12-011_2016I12_2_1_4__11___"
"4__11___","4_I13-011_2016I13_1_1_4__11___"
"4__11___","4_I13-011_2016I13_2_1_4__11___"
"4__11___","4_I14-011_2016I14_1_1_4__11___"
"4__11___","4_I14-011_2016I14_2_1_4__11___"
"4__11___","4_I15-011_2016I15_1_1_4__11___"
"4__11___","4_I15-011_2016I15_2_1_4__11___"
"4__12___","4_I12-121_2016I12_1_1_4__12_1__"
"4__12___","4_I12-122_2016I12_1_1_4__12_2__"
"4__12___","4_I13-121_2016I13_1_1_4__12_1__"
"4__12___","4_I13-122_2016I13_1_1_4__12_2__"
"4__12___","4_I14-121_2016I14_1_1_4__12_1__"
"4__12___","4_I14-122_2016I14_1_1_4__12_2__"
"4__12___","4_I15-121_2016I15_1_1_4__12_1__"
"4__12___","4_I15-122_2016I15_1_1_4__12_2__"
"4__1___","4_I12-001_2016I12_1_1_4__1___"
"4__1___","4_I12-001_2016I12_2_1_4__1___"
"4__1___","4_I13-001_2016I13_1_1_4__1___"
"4__1___","4_I13-001_2016I13_2_1_4__1___"
"4__1___","4_I14-001_2016I14_1_1_4__1___"
"4__1___","4_I14-001_2016I14_2_1_4__1___"
"4__1___","4_I15-001_2016I15_1_1_4__1___"
"4__1___","4_I15-001_2016I15_2_1_4__1___"
"4__2___","4_I12-002_2016I12_1_1_4__2___"
"4__2___","4_I12-002_2016I12_2_1_4__2___"
"4__2___","4_I13-002_2016I13_1_1_4__2___"
"4__2___","4_I13-002_2016I13_2_1_4__2___"
"4__2___","4_I14-002_2016I14_1_1_4__2___"
"4__2___","4_I14-002_2016I14_2_1_4__2___"
"4__2___","4_I15-002_2016I15_1_1_4__2___"
"4__2___","4_I15-002_2016I15_2_1_4__2___"
"4__3___","4_I12-003_2016I12_1_1_4__3___"
"4__3___","4_I12-003_2016I12_2_1_4__3___"
"4__3___","4_I13-003_2016I13_1_1_4__3___"
"4__3___","4_I13-003_2016I13_2_1_4__3___"
"4__3___","4_I14-003_2016I14_1_1_4__3___"
"4__3___","4_I14-003_2016I14_2_1_4__3___"
"4__3___","4_I15-003_2016I15_1_1_4__3___"
"4__3___","4_I15-003_2016I15_2_1_4__3___"
"4__4___","4_I12-004_2016I12_1_1_4__4___"
"4__4___","4_I12-004_2016I12_2_1_4__4___"
"4__4___","4_I13-004_2016I13_1_1_4__4___"
"4__4___","4_I13-004_2016I13_2_1_4__4___"
"4__4___","4_I14-004_2016I14_1_1_4__4___"
"4__4___","4_I14-004_2016I14_2_1_4__4___"
"4__4___","4_I15-004_2016I15_1_1_4__4___"
"4__4___","4_I15-004_2016I15_2_1_4__4___"
"4__5___","4_I12-005_2016I12_1_1_4__5___"
"4__5___","4_I12-005_2016I12_2_1_4__5___"
"4__5___","4_I13-005_2016I13_1_1_4__5___"
"4__5___","4_I13-005_2016I13_2_1_4__5___"
"4__5___","4_I14-005_2016I14_1_1_4__5___"
"4__5___","4_I14-005_2016I14_2_1_4__5___"
"4__5___","4_I15-005_2016I15_1_1_4__5___"
"4__5___","4_I15-005_2016I15_2_1_4__5___"
"4__6___","4_I12-061_2016I12_1_1_4__6_1__"
"4__6___","4_I12-062_2016I12_1_1_4__6_2__"
"4__6___","4_I13-061_2016I13_1_1_4__6_1__"
"4__6___","4_I13-062_2016I13_1_1_4__6_2__"
"4__6___","4_I14-061_2016I14_1_1_4__6_1__"
"4__6___","4_I14-062_2016I14_1_1_4__6_2__"
"4__6___","4_I15-061_2016I15_1_1_4__6_1__"
"4__6___","4_I15-062_2016I15_1_1_4__6_2__"
"4__7___","4_I12-071_2016I12_1_1_4__7_A__"
"4__7___","4_I12-071_2016I12_2_1_4__7_A__"
"4__7___","4_I12-072_2016I12_1_1_4__7_B__"
"4__7___","4_I12-072_2016I12_2_1_4__7_B__"
"4__7___","4_I13-071_2016I13_1_1_4__7_A__"
"4__7___","4_I13-071_2016I13_2_1_4__7_A__"
"4__7___","4_I13-072_2016I13_1_1_4__7_B__"
"4__7___","4_I13-072_2016I13_2_1_4__7_B__"
"4__7___","4_I14-071_2016I14_1_1_4__7_A__"
"4__7___","4_I14-071_2016I14_2_1_4__7_A__"
"4__7___","4_I14-072_2016I14_1_1_4__7_B__"
"4__7___","4_I14-072_2016I14_2_1_4__7_B__"
"4__7___","4_I15-071_2016I15_1_1_4__7_A__"
"4__7___","4_I15-071_2016I15_2_1_4__7_A__"
"4__7___","4_I15-072_2016I15_1_1_4__7_B__"
"4__7___","4_I15-072_2016I15_2_1_4__7_B__"
"4__8___","4_I12-008_2016I12_1_1_4__8___"
"4__8___","4_I12-008_2016I12_2_1_4__8___"
"4__8___","4_I13-008_2016I13_1_1_4__8___"
"4__8___","4_I13-008_2016I13_2_1_4__8___"
"4__8___","4_I14-008_2016I14_1_1_4__8___"
"4__8___","4_I14-008_2016I14_2_1_4__8___"
"4__8___","4_I15-008_2016I15_1_1_4__8___"
"4__8___","4_I15-008_2016I15_2_1_4__8___"
"4__9___","4_I12-091_2016I12_1_1_4__9_A__"
"4__9___","4_I12-091_2016I12_2_1_4__9_A__"
"4__9___","4_I12-092_2016I12_1_1_4__9_B__"
"4__9___","4_I12-092_2016I12_2_1_4__9_B__"
"4__9___","4_I13-091_2016I13_1_1_4__9_A__"
"4__9___","4_I13-091_2016I13_2_1_4__9_A__"
"4__9___","4_I13-092_2016I13_1_1_4__9_B__"
"4__9___","4_I13-092_2016I13_2_1_4__9_B__"
"4__9___","4_I14-091_2016I14_1_1_4__9_A__"
"4__9___","4_I14-091_2016I14_2_1_4__9_A__"
"4__9___","4_I14-092_2016I14_1_1_4__9_B__"
"4__9___","4_I14-092_2016I14_2_1_4__9_B__"
"4__9___","4_I15-091_2016I15_1_1_4__9_A__"
"4__9___","4_I15-091_2016I15_2_1_4__9_A__"
"4__9___","4_I15-092_2016I15_1_1_4__9_B__"
"4__9___","4_I15-092_2016I15_2_1_4__9_B__"
"4__9___","4_I16-092_2016I16_1_1_4__9_B__"
"4__9___","4_I16-092_2016I16_2_1_4__9_B__"
"4__R___","4_I12-ROP_2016I12_1_1_4__R___"
"4__R___","4_I12-ROP_2016I12_2_1_4__R___"
"4__R___","4_I13-ROP_2016I13_1_1_4__R___"
"4__R___","4_I13-ROP_2016I13_2_1_4__R___"
"4__R___","4_I14-ROP_2016I14_1_1_4__R___"
"4__R___","4_I14-ROP_2016I14_2_1_4__R___"
"4__R___","4_I15-ROP_2016I15_1_1_4__R___"
"4__R___","4_I15-ROP_2016I15_2_1_4__R___"
